"sic3","km_mean","km_mean.1"
239,825.715956008623,0.924076365377083
542,758.824350894883,6.83392596122938
829,662.264061782144,3.74989075721651
