"sic3","km_mean","km_mean.1"
239,760.291570755234,4.35255117988927
829,640.450020783653,4.12218689964682
542,752.81618351399,3.4852704677923
