"sic3","km_mean","km_mean.1"
239,613.835726551938,1.02316387751408
542,603.18416939753,1.44842143225064
829,530.379575138375,1.19113703334401
