"sic3","seed","wrt"
239,1,23.30289191
239,2,23.45144651
239,3,23.29518173
239,4,23.29236823
239,5,23.30238056
829,1,40.4141135436089
829,2,39.4554831231628
829,3,39.5437638879474
829,4,38.4594099694622
829,5,39.3581685742393
542,1,33.4041586126958
542,2,33.271358080826
542,3,34.9016056829031
542,4,34.594922234502
542,5,32.3632718075405
