"sic3","seed","wrt"
239,1,7.895518955
239,2,9.314044832
239,3,7.372270767
239,4,7.938120754
239,5,8.072713369
829,1,30.2813397994039
829,2,27.3731391071316
829,3,32.5656452988176
829,4,30.6461700554047
829,5,31.8876916880233
542,1,27.4919056728163
542,2,23.8555155982425
542,3,28.490519463942
542,4,24.6966815603119
542,5,29.4670151379334
