"sic3","seed","wrt"
239,1,14.80622613
239,2,15.82704557
239,3,15.73570419
239,4,16.39301935
239,5,16.59631203
829,1,38.1899080975437
829,2,32.1303063061412
829,3,33.0761644555426
829,4,35.6127317703165
829,5,35.3643211309513
542,1,31.9501045326124
542,2,27.0913794366189
542,3,23.7801769945929
542,4,24.2198672748989
542,5,26.8235548659551
